Feature,Importance
MA_3,0.347671
Lag_1,0.24049918
Lag_3,0.13202678
Lag_2,0.120044485
Lag_4,0.11636482
MA_7,0.043393765
